Majority.protein.IDs	LFQ.intensity.10_R1	LFQ.intensity.10_R2	LFQ.intensity.10_R3	LFQ.intensity.11_R1	LFQ.intensity.11_R2	LFQ.intensity.11_R3	Anotacoes	Unique.peptides	Sequence.coverage....	log10pvalor	log2fold_change
evm_model_NODE_37_134;OKO97284.1;CEJ57078.1	0	827940	0	4141100	11669000	5560700	GH36;Aldolase-type TIM barrel;Alpha-galactosidase, N-terminal domain superfamily;Glycoside hydrolase family 36;Glycoside hydrolase superfamily;Glycosyl hydrolase family 36, C-terminal;Glycosyl hydrolase family 36, N-terminal;Glycosyl hydrolase, all-beta;alpha-galactosidase C; glycoside hydrolase family 36 protein	12	24	1.10602949131637	4.68997088418121
evm_model_NODE_23_206;OKP12131.1	403150	374210	597140	10900000	9127300	9847500	GH6;1, 4-beta cellobiohydrolase;1, 4-beta cellobiohydrolase superfamily;Glycoside hydrolase, family 6, conserved site;1, 4-beta cellobiohydrolase; Probable 1,4-beta-D-glucan cellobiohydrolase C; AltName: Full=Beta-glucancellobiohydrolase C; AltName: Full=Exocellobiohydrolase C; AltName: Full=Exoglucanase C	7	28.8	2.52766600593612	4.44195024288807
evm_model_NODE_30_119	281680	369660	0	3374800	1090500	1941200	Amidase signature (AS) superfamily;Amidase signature domain;amidase family protein; amidase signature enzyme; related to glu/asp-tRNA amidotransferase subunit A	12	41.7	0.969266473829351	3.29805366560985
evm_model_NODE_24_190;OKO95556.1;CEJ59308.1	943330	0	0	2096200	5591100	1470300	Aminotransferase, class I/classII;Aspartate/other aminotransferase;Pyridoxal phosphate-dependent transferase;Pyridoxal phosphate-dependent transferase domain 1;Pyridoxal phosphate-dependent transferase, major domain;Aspartate/other aminotransferase; Aspartate transaminase, putative; aspartate aminotransferase, cytoplasmic	9	30.6	0.70884019113342	3.27913509562876
evm_model_NODE_30_149	627970	0	0	2112200	1321600	2462300	SMP-30/CGR1;SMP-30/Gluconolactonase/LRE-like region;Six-bladed beta-propeller, TolB-like;gluconolactonase; calcium-dependent phosphotriesterase	3	9.1	1.41144387268303	3.23099344924255
evm_model_NODE_6_91;OKO90312.1	1732800	0	0	4255700	4769400	5559900	GH10;Cellulose-binding domain superfamily;Cellulose-binding domain, fungal;Glycoside hydrolase family 10 domain;Glycoside hydrolase superfamily;Glycosyl hydrolases family 10, active site;endo-1,4-beta-xylanase precursor; Glycoside hydrolase, superfamily	10	53.7	1.37416713719453	3.07330833306458
evm_model_NODE_19_239	0	286450	0	700980	1030600	396530	AA6;Flavodoxin-like fold;Flavodoxin/nitric oxide synthase;Flavoprotein WrbA-like;Flavoprotein-like superfamily;NADH-quinone oxidoreductase Pst2, putative; minor allergen Alt a 7	5	45.8	1.5183234111557	2.8932174814305
OKO98926.1;evm_model_NODE_1_25	0	1145000	639690	5498600	5289500	1161200	GH18;Chitinase II;Chitinase insertion domain superfamily;Glycoside hydrolase family 18, catalytic domain;Glycoside hydrolase superfamily;Glycoside hydrolase, chitinase active site;class V chitinase, putative; endochitinase 1 precursor; glycoside hydrolase	7	33.2	0.823497059209517	2.74318070086988
evm_model_NODE_2_464;OKO93408.1	0	1391800	0	4085300	2450000	1744500	Kynurenine formamidase superfamily;putative cyclase; cornichon	9	41.2	0.888956525500527	2.57264400707353
evm_model_NODE_5_339;OKO93748.1;CEJ54310.1	19573000	35631000	39968000	162620000	179870000	145440000	GH3;Fibronectin type III-like domain;Glycoside hydrolase family 3 C-terminal domain;Glycoside hydrolase family 3 C-terminal domain superfamily;Glycoside hydrolase superfamily;Glycoside hydrolase, family 3, N-terminal;Glycoside hydrolase, family 3, N-terminal domain superfamily;Glycoside hydrolase, family 3, active site;Immunoglobulin-like fold;Beta-glucosidase 1; Probable beta-glucosidase A; AltName: Full=Beta-D-glucoside glucohydrolase A; AltName: Full=Cellobiase A; AltName: Full=Gentiobiase A	24	34.3	2.03057034427472	2.3580650948212
evm_model_NODE_10_285;OKO92784.1;CEO60093.1	0	799950	912090	3368000	1881000	3259700	Manganese/iron superoxide dismutase;Manganese/iron superoxide dismutase, C-terminal;Manganese/iron superoxide dismutase, C-terminal domain superfamily;Manganese/iron superoxide dismutase, N-terminal;Manganese/iron superoxide dismutase, N-terminal domain superfamily;Manganese/iron superoxide dismutase, binding site;Superoxide dismutase; Manganese/iron superoxide dismutase, C-terminal	3	38.8	1.12095315789525	2.31322231770616
OKO98621.1;evm_model_NODE_34_60	0	110420	116270	505370	355180	224620	Protein of unknown function DUF1349;hypothetical protein	4	33.7	0.875145961899763	2.2591284135116
OKO90274.1;evm_model_NODE_6_121;CEO59773.1	27674000	26886000	24914000	90576000	146520000	109990000	GH18;Chitinase II;Chitinase insertion domain superfamily;Glycoside hydrolase family 18, catalytic domain;Glycoside hydrolase superfamily;Glycoside hydrolase, chitinase active site;chitinase; Endochitinase B1; Glycoside hydrolase, superfamily	11	65.3	1.48708496883812	2.12673831050028
evm_model_NODE_26_164;CEJ61105.1	1629800	0	0	3122100	1605600	2143200	Isochorismatase-like;Isochorismatase-like superfamily;putative isochorismatase family hydrolase; hypothetical protein BCIN_16g01330; isochorismatase domain-containing protein 2A, mitochondrial precursor	6	38.5	1.88772521792843	2.07580415021587
evm_model_NODE_18_170;OKP02479.1	40416000	25028000	45779000	82281000	225430000	89664000	GH72;Glucanosyltransferase;Glycoside hydrolase superfamily;1,3-beta-glucanosyltransferase gel2; Glycoside hydrolase, superfamily	11	31.6	0.675815511510153	1.83704595500306
OKP13153.1;evm_model_NODE_9_303	0	1876700	0	2126500	2190000	2052700	Ketopantoate hydroxymethyltransferase;Pyruvate/Phosphoenolpyruvate kinase-like domain superfamily;3-methyl-2-oxobutanoate hydroxymethyltransferase PanB; ketopantoate hydroxymethyltransferase	5	23.6	0.895104856542681	1.76291412842206
evm_model_NODE_50_52;OKO89611.1	0	1138300	0	1428200	1041600	1335100	2-amino-3-carboxymuconate-6-semialdehyde decarboxylase;Amidohydrolase-related;2,3-dihydroxybenzoic acid decarboxylase; Amidohydrolase 2	7	36.1	0.670633595251952	1.74097770611354
OKP10217.1;evm_model_NODE_12_167;CEJ61529.1	303220	0	0	497740	0	444520	Peptidase S53, activation domain;Peptidase S8, subtilisin, Ser-active site;Peptidase S8/S53 domain;Peptidase S8/S53 domain superfamily;Sedolisin domain;Peptidase S8/S53, subtilisin/kexin/sedolisin; Tripeptidyl-peptidase sed2; tripeptidyl peptidase SED3	5	15.3	0.620477695224127	1.63576028602789
evm_model_NODE_1_311;OKP00510.1;CEJ55597.1;EPS30547.1	3461900	4257300	2625300	10783000	10551000	9643100	Aminotransferase class-III;Ornithine aminotransferase;Ornithine aminotransferase, mitochondrial;Pyridoxal phosphate-dependent transferase;Pyridoxal phosphate-dependent transferase domain 1;Pyridoxal phosphate-dependent transferase, major domain;ornithine aminotransferase; L-ornithine aminotransferase Car2; ornithine-oxo-acid transaminase	17	57.9	2.70821426923228	1.5823381744691
evm_model_NODE_15_236	1120700	1585300	971960	4030800	3782900	3186400		4	11.9	2.03982125567531	1.58053894431762
evm_model_NODE_12_243;OKP08296.1	77214000	69359000	79841000	221160000	222820000	228240000	Catalase active site;Catalase core domain;Catalase core domain superfamily;Catalase haem-binding site;Catalase immune-responsive domain;Catalase superfamily;Catalase, mono-functional, haem-containing;Catalase, mono-functional, haem-containing, clade 2;Catalase, mono-functional, heme-containing; mycelial catalase Cat1	12	50.8	3.46604314175656	1.56997029858216
KZN85252.1;evm_model_NODE_14_161;OKP11812.1	0	5786000	3258800	8807800	10291000	6763500	sem anotacao InterPro;16 kDa allergen; hypothetical protein FOXG_10750	2	11.3	1.12563495502835	1.51569007616784
evm_model_NODE_26_63;OKO97920.1;CEJ62786.1	13066000	24530000	19036000	41730000	54164000	62019000	CE5;Alpha/Beta hydrolase fold;Cutinase/acetylxylan esterase;Acetylxylan esterase 2; AltName: Full=AXE II; carbohydrate esterase; cutinase-domain-containing protein	6	55.6	1.73955615295903	1.4794405585857
evm_model_NODE_38_43	11605000	10492000	10183000	31739000	25522000	32030000	GH3;Fibronectin type III-like domain;Galactose-binding-like domain superfamily;Glycoside hydrolase family 3 C-terminal domain;Glycoside hydrolase family 3 C-terminal domain superfamily;Glycoside hydrolase, family 3, N-terminal;Glycoside hydrolase, family 3, N-terminal domain superfamily;Glycoside hydrolase, family 3, active site;Immunoglobulin-like fold;PA14 domain;PA14/GLEYA domain;Beta-glucosidase; Glycoside hydrolase family 3; Probable beta-glucosidase I; AltName: Full=Beta-D-glucoside glucohydrolase I; AltName: Full=Cellobiase I	2	41.8	1.9427321751811	1.46787418900725
evm_model_NODE_2_332;OKO93284.1	6239700	5485800	5113500	15134000	15192000	12704000	GH31;Galactose mutarotase, N-terminal barrel;Galactose mutarotase-like domain superfamily;Glycoside hydrolase family 31;Glycoside hydrolase family 31, N-terminal domain;Glycoside hydrolase superfamily;Glycosyl hydrolase, all-beta;Glycosyl hydrolases family 31, active site;Probable alpha/beta-glucosidase agdC; Glycoside hydrolase, family 31	21	35.4	2.30580983912418	1.35353637515258
evm_model_NODE_12_211;OKP08330.1	4673000	8197400	7646500	17984000	14798000	18862000	PL4_1;Carbohydrate-binding-like fold;Galactose mutarotase-like domain superfamily;Galactose-binding-like domain superfamily;Glycoside hydrolase-type carbohydrate-binding;Rhamnogalacturonan lyase, domain II;Rhamnogalacturonan lyase, domain III;Rhamnogalacturonase B;Rhamnogalacturonase B, N-terminal;putative rhamnogalacturonate lyase A; rhamnogalacturonase B, putative; polysaccharide lyase family 4 protein	11	45.6	1.46079154609628	1.33178798303915
evm_model_NODE_5_388	29344000	31180000	32522000	73290000	76448000	81854000	CE10;Alpha/Beta hydrolase fold;Carboxylesterase type B, active site;Carboxylesterase, type B;alpha/beta-hydrolase; Carboxylesterase, type B	26	58.4	2.91040814301818	1.31556938243339
OKO91629.1;evm_model_NODE_54_5;CEJ54636.1	0	0	206280	0	249430	255450	Alpha/Beta hydrolase fold;Dienelactone hydrolase;Dienelactone hydrolase; carboxymethylenebutenolidase; alpha/beta-hydrolase	2	8.9	0.492296356567453	1.29133657785371
OKP14781.1;evm_model_NODE_1_425;CEJ55762.1	4504300	4586800	5988800	7344000	17057000	12396000	GH5_5;Glycoside hydrolase superfamily;Glycoside hydrolase, family 5;Probable endo-beta-1,4-glucanase B; Short=Endoglucanase B; AltName: Full=Carboxymethylcellulase B; AltName: Full=Cellulase B; Glycoside hydrolase, superfamily	7	46.5	0.908426204266205	1.28696128884772
evm_model_NODE_10_86;OKP14157.1	0	445450	0	719700	315860	0	Ribonuclease E inhibitor RraA/RraA-like protein;Ribonuclease E inhibitor RraA/RraA-like superfamily;DlpA domain protein; Ribonuclease E inhibitor RraA/Dimethylmenaquinone methyltransferase	5	28.4	0.272376990972403	1.21707573611069
evm_model_NODE_14_23;CEJ61712.1;OKP01980.1	252140	244220	554530	459530	913950	1065000	Cytidine and deoxycytidylate deaminase domain;Cytidine deaminase, homotetrameric;Cytidine deaminase-like;cytidine deaminase; putative mitochondrial ornithine carrier protein AmcA/Ort1	5	58.5	1.11776085620826	1.2143704739592
evm_model_NODE_4_117;OKP11033.1	0	0	504440	671750	0	489350	Alpha/Beta hydrolase fold;Dienelactone hydrolase;related to dienelactone hydrolase family protein; alpha/beta-hydrolase	5	32.9	0.360751135943368	1.20273764494262
evm_model_NODE_26_188;OKP10841.1	191190000	230880000	167800000	518710000	399960000	424100000	CE10;Alpha/Beta hydrolase fold;Peptidase S9, prolyl oligopeptidase, catalytic domain;Six-bladed beta-propeller, TolB-like;WD40-like Beta Propeller;secreted dipeptidyl peptidase; Dipeptidyl-peptidase 5; AltName: Full=Dipeptidyl-peptidase V; Short=DPP V; Short=DppV	25	60.4	1.49828376478587	1.18674326739244
KZN87446.1;EPS27269.1;CEJ54862.1;OKO89608.1;evm_model_NODE_50_49	0	0	428450	552270	420720	0	Nucleophile aminohydrolases, N-terminal;Proteasome alpha-subunit, N-terminal domain;Proteasome alpha-type subunit;Proteasome subunit alpha2;Proteasome, subunit alpha/beta;proteasome component Pre8, putative; proteasome subunit alpha type 2-B	6	30.4	0.211381320677665	1.18329812560615
evm_model_NODE_1_379;OKP11396.1	125420000	130270000	119490000	315070000	223740000	288640000	GH7;Concanavalin A-like lectin/glucanase domain superfamily;Glycoside hydrolase family 7, catalytic domain superfamily;Glycoside hydrolase, family 7;Probable 1,4-beta-D-glucan cellobiohydrolase B; AltName: Full=Beta-glucancellobiohydrolase B; AltName: Full=Exocellobiohydrolase B; AltName: Full=Exoglucanase B	8	37.8	1.44806519446265	1.14108921429752
evm_model_NODE_1_426	5150200	7834100	6027500	12352000	15882000	13636000	CE16;SGNH hydrolase superfamily;cellulose-binding GDSL lipase/acylhydrolase	8	31.6	2.98863234634835	1.13902178808347
evm_model_NODE_18_192;OKP11858.1	4227900	4741000	6529600	5580600	20188000	7572200	GH7;Cellulose-binding domain superfamily;Cellulose-binding domain, fungal;Concanavalin A-like lectin/glucanase domain superfamily;Glycoside hydrolase family 7, catalytic domain superfamily;Glycoside hydrolase, family 7;Exoglucanase 1; AltName: Full=1,4-beta-cellobiohydrolase; AltName: Full=Exocellobiohydrolase I; AltName: Full=Exoglucanase I	8	31.2	0.472161985925034	1.10516012857207
evm_model_NODE_47_63;OKO97862.1	0	3830700	0	2828300	2030700	2905300	Glutathione S-transferase, C-terminal;Glutathione S-transferase, C-terminal domain superfamily;Glutathione S-transferase, C-terminal-like;Glutathione S-transferase, N-terminal;Thioredoxin-like superfamily;Translation elongation factor eEF-1B gamma subunit, putative	8	64.9	0.311524074344231	1.01924781653052
evm_model_NODE_1_155;OKP00339.1	1592500	2889200	2090200	3944400	5180700	3650000	AA9;Glycoside hydrolase, family 61;endoglucanase, putative; Glycoside hydrolase, family 61; endo-1,4-beta-glucanase	5	36.5	1.82913255992288	0.95895215114304
evm_model_NODE_23_208	5738800	2424800	0	4150500	5654600	6050600	GH7;Concanavalin A-like lectin/glucanase domain superfamily;Glycoside hydrolase, family 7;Probable endo-beta-1,4-glucanase celB; Short=Endoglucanase celB; AltName: Full=Carboxymethylcellulase celB; AltName: Full=Cellulase B; glycoside hydrolase family 7 protein	5	21.5	0.4327539403297	0.957724171124734
evm_model_NODE_19_179;OKO96455.1	6561600	8209000	5851500	15196000	10755000	13862000	Immunoglobulin E-set;MD-2-related lipid-recognition domain;ML domain, phosphatidylinositol/phosphatidylglycerol transfer protein;Phosphatidylglycerol/phosphatidylinositol transfer protein; Phosphatidylglycerol/phosphatidylinositol transfer protein; Short=PG/PI-TP	5	25.6	1.09414761524816	0.949048332444528
evm_model_NODE_16_179;OKP12642.1;CEJ58854.1	392650	630850	506310	1127700	859080	731300	PL1_4;Pectate lyase;Pectin lyase fold;Pectin lyase fold/virulence factor;Probable pectin lyase A; Short=PLA; polysaccharide lyase family 1 protein	4	27.1	0.840288041396519	0.829235435325479
evm_model_NODE_5_303;EPS27768.1;OKO93782.1	331750	0	570550	461980	632650	431460	Six-hairpin glycosidase superfamily;glycogen debranching enzyme, partial	6	9.3	0.342064478953419	0.758160955657108
evm_model_NODE_27_58;OKP11531.1	4317700	9926200	6824000	13221000	10174000	11797000	AA3_2;FAD/NAD(P)-binding domain superfamily;Glucose-methanol-choline oxidoreductase;Glucose-methanol-choline oxidoreductase, C-terminal;Glucose-methanol-choline oxidoreductase, N-terminal;Glucose-methanol-choline oxidoreductase, C-terminal; choline dehydrogenase; GMC oxidoreductase, putative	13	39.3	0.697638210436997	0.740200989574967
evm_model_NODE_1_504;OKO90845.1	26400000	34831000	23623000	53070000	37370000	47448000	GH16;Concanavalin A-like lectin/glucanase domain superfamily;Glycoside hydrolase family 16;Glycoside hydrolase, family 16, CRH1, predicted;cell wall glucanase (Utr2), putative; Glycosyl hydrolases family 16 protein	8	24.7	0.835778627913045	0.700442333844324
evm_model_NODE_13_11;OKO94533.1;EPS25652.1;CEO58746.1	0	1093800	0	0	0	1743900	Nucleophile aminohydrolases, N-terminal;Peptidase T1A, proteasome beta-subunit;Proteasome B-type subunit;Proteasome beta-type subunit, conserved site;Proteasome subunit beta Pre3;Proteasome, subunit alpha/beta;putative proteasome core beta subunit; proteasome component PRE3	4	23.6	0.087422418172646	0.672968347192752
evm_model_NODE_26_73	3539000	0	4456100	4945500	3161000	4410700	Nitroreductase;Nitroreductase Frm2/Hbn1-like;Nitroreductase-like;nitroreductase family protein, putative; putative fatty acid repression mutant protein	5	36.4	0.610049527113858	0.646723895061619
evm_model_NODE_7_320;CEJ55324.1;OKO99198.1	2655900	3852700	4403500	5625200	7104600	4284400	Peptidase M28;Aminopeptidase, putative; Leucine aminopeptidase 1; AltName: Full=Leucyl aminopeptidase 1; Short=LAP1	11	44.6	0.69842301193746	0.640810547435349
evm_model_NODE_36_44;CEO58404.1;OKO98506.1	3801500	3486900	0	4255100	3592400	3385100	D-isomer specific 2-hydroxyacid dehydrogenase, NAD-binding domain;D-isomer specific 2-hydroxyacid dehydrogenase, NAD-binding domain conserved site;D-isomer specific 2-hydroxyacid dehydrogenase, NAD-binding domain conserved site 1;D-isomer specific 2-hydroxyacid dehydrogenase, catalytic domain;NAD(P)-binding domain superfamily;NAD-dependent formate dehydrogenase;D-isomer specific 2-hydroxyacid dehydrogenase, NAD-binding; Formate dehydrogenase; NAD-dependent formate dehydrogenase AciA/Fdh	11	38.2	0.476814440871745	0.624017861714648
evm_model_NODE_52_38;OKP10782.1;CEJ61192.1	6141000	4123000	5791500	8834400	7186200	8675700	GH5_15;Glycoside hydrolase superfamily;Glycoside hydrolase, family 5;putative glucan endo-1,6-beta-glucosidase B; Probable glucan endo-1,6-beta-glucosidase B; AltName: Full=Beta-1,6-glucanase B; AltName: Full=Endo-1,6-beta-D-glucanase B; AltName: Full=Endo-1,6-beta-glucanase B; Glycoside hydrolase, superfamily	12	40.2	2.86285950938078	0.621227319271187
OKO99837.1;evm_model_NODE_3_110;EPS34432.1;CEJ60472.1	11403000	8060700	3863500	14461000	11528000	8812600	Peptidase S8 propeptide/proteinase inhibitor I9;Peptidase S8 propeptide/proteinase inhibitor I9 superfamily;Peptidase S8, subtilisin, His-active site;Peptidase S8, subtilisin, Ser-active site;Peptidase S8, subtilisin-related;Peptidase S8/S53 domain;Peptidase S8/S53 domain superfamily;Subtilisin-like serine protease Pen c 2; AltName: Full=Vacuolar serine protease Pen c 2; AltName: Allergen=Pen c 2; cerevisin precursor	7	21.7	1.66113735945322	0.577140486565129
OKP12619.1;evm_model_NODE_16_203	3313900	4533500	4615600	7012700	5199500	5841800	Glutathione S-transferase, C-terminal domain superfamily;Glutathione S-transferase, C-terminal-like;Glutathione S-transferase, N-terminal;Thioredoxin-like superfamily;Glutathione S-transferase/chloride channel, C-terminal; thioredoxin-like protein; similar to glutathione-S-transferase omega 1	11	43	0.736442190217426	0.53466712759668
evm_model_NODE_1_135;OKP00319.1;EPS30699.1	1120200	1924300	2949400	2510200	3425900	2634900	ATP-grasp fold;Aldolase-type TIM barrel;Biotin carboxylase, C-terminal;Biotin carboxylase-like, N-terminal domain;Biotin carboxylation domain;Biotin-binding site;Biotin/lipoyl attachment;Carbamoyl-phosphate synthetase large subunit-like, ATP-binding domain;Pre-ATP-grasp domain superfamily;Pyruvate carboxylase;Pyruvate carboxyltransferase;Rudiment single hybrid motif;Single hybrid motif;Pyruvate carboxylase; AltName: Full=Pyruvic carboxylase; pyruvate carboxylase pyc	17	16.9	0.550846618316913	0.515968522331066
evm_model_NODE_8_18;OKO89230.1	6433500	12266000	12502000	13597000	15710000	14122000	GH43_1;Glycoside hydrolase, family 43;Glycosyl hydrolase, five-bladed beta-propellor domain superfamily;beta-xylosidase; Glycoside hydrolase, family 43; putative xylosidase arabinosidase protein	13	51.8	0.886999158008239	0.477043345791719
OKO99137.1;evm_model_NODE_7_370;CEJ55282.1	634390	0	0	431350	451250	0	3-hydroxyacyl-CoA dehydrogenase;3-hydroxyacyl-CoA dehydrogenase, C-terminal;3-hydroxyacyl-CoA dehydrogenase, NAD binding;3-hydroxyacyl-CoA dehydrogenase, conserved site;6-phosphogluconate dehydrogenase-like, C-terminal domain superfamily;NAD(P)-binding domain superfamily;3-hydroxybutyryl-CoA dehydrogenase; 3-hydroxyacyl-CoA dehydrogenase	3	15.4	0.148500486087427	0.476389717545834
evm_model_NODE_3_212;OKP01004.1;EPS34540.1;CEJ60381.1	15253000	14991000	16304000	21394000	23663000	18847000	Nucleoside diphosphate kinase;Nucleoside diphosphate kinase, active site;Nucleoside diphosphate kinase-like domain;Nucleoside diphosphate kinase-like domain superfamily;nucleoside diphosphate kinase; Nucleoside diphosphate kinase; Short=NDK	7	60.9	1.08147118387282	0.457187056191406
evm_model_NODE_5_215	507230	714160	0	894570	0	729520	FAD/NAD(P)-binding domain superfamily;FAD/NAD(P)-binding domain-containing protein; amine oxidase; FAD dependent oxidoreductase	7	22.7	0.103986465374667	0.411107644188321
evm_model_NODE_31_100;OKO92310.1	0	0	3632200	1522300	1520800	1785000	AA7;FAD linked oxidase, N-terminal;FAD-binding, type 2;FAD-binding, type 2-like superfamily;FAD linked oxidase, N-terminal; FAD dependent oxidoreductase, putative	8	27	0.121172734603936	0.410611913618345
evm_model_NODE_35_50	5050100	2866600	4410900	4713000	5737700	5880100	Aspartic peptidase A1 family;Aspartic peptidase domain superfamily;Aspartic peptidase, active site;Peptidase family A1 domain;Vacuolar protease A; Peptidase aspartic, catalytic; Vacuolar protease A; AltName: Full=Aspartic endopeptidase pep2; AltName: Full=Aspartic protease pep2	3	34.8	0.541731353865074	0.405703510352422
evm_model_NODE_6_326;OKO92657.1;CEO59963.1;KZN85947.1;EPS33335.1	1087100	0	1243500	1718800	0	1332500	Isocitrate lyase;Isocitrate lyase/phosphorylmutase, conserved site;Pyruvate/Phosphoenolpyruvate kinase-like domain superfamily;Isocitrate lyase; Isocitrate lyase; Short=ICL; Short=Isocitrase; Short=Isocitratase; AltName: Full=Methylisocitrate lyase; Short=MICA	10	27.5	0.458734365275896	0.388722614355632
evm_model_NODE_3_439;OKP09225.1	1584600	1557100	1806200	3181800	3141400	0	GH67;Alpha glucuronidase;Alpha glucuronidase, N-terminal;Alpha-glucuronidase, C-terminal domain superfamily;Beta-hexosaminidase-like, domain 2;Glycoside hydrolase superfamily;Glycosyl hydrolase family 67, C-terminal;Glycosyl hydrolase family 67, catalytic domain;Alpha-glucuronidase; Glycosyl hydrolase family 67, C-terminal; glycoside hydrolase superfamily	9	16.9	0.139796119084428	0.353838509150607
evm_model_NODE_3_125;OKO99833.1;EPS34435.1;CEJ60469.1;KZN89271.1	49766000	39715000	59745000	73220000	45503000	71001000	Superoxide dismutase (Cu/Zn) / superoxide dismutase copper chaperone;Superoxide dismutase, copper/zinc binding domain;Superoxide dismutase, copper/zinc, binding site;Superoxide dismutase-like, copper/zinc binding domain superfamily;copper/zinc binding superoxide dismutase	9	87	0.911208338899024	0.346403268889005
evm_model_NODE_4_114;OKP11029.1;CEJ60834.1	1712400	1839600	2056500	2698400	1933100	2363500	Aminopeptidase P, N-terminal;Creatinase/Aminopeptidase P/Spt16, N-terminal;Creatinase/aminopeptidase-like;Peptidase M24;Probable Xaa-Pro aminopeptidase pepP; AltName: Full=Aminoacylproline aminopeptidase	10	29.2	0.642064791943855	0.318709085472791
evm_model_NODE_29_141;OKP11075.1	726130	875460	1070900	983960	1472500	862900	GH3;Carbohydrate-binding WSC;Glycoside hydrolase family 3 C-terminal domain;Glycoside hydrolase family 3 C-terminal domain superfamily;Glycoside hydrolase superfamily;Glycoside hydrolase, family 3, N-terminal;Glycoside hydrolase, family 3, N-terminal domain superfamily;Immunoglobulin-like fold;beta-xylosidase, putative; Probable exo-1,4-beta-xylosidase bxlB; AltName: Full=1,4-beta-D-xylan xylohydrolase bxlB; AltName: Full=Beta-xylosidase bxlB; AltName: Full=Xylobiase bxlB; Probable exo-1,4-beta-xylosidase xlnD; AltName: Full=1,4-beta-D-xylan xylohydrolase xlnD; AltName: Full=Beta-xylosidase A; AltName: Full=Beta-xylosidase xlnD; AltName: Full=Xylobiase xlnD	10	15.7	0.343882824587032	0.312720555237543
evm_model_NODE_16_259;OKP14423.1;CEJ58781.1;EPS32370.1	0	4793600	3142800	4069700	2789600	2994500	Aldolase-type TIM barrel;Triosephosphate isomerase;Triosephosphate isomerase superfamily;Triosephosphate isomerase, bacterial/eukaryotic;Triosephosphate isomerase	5	24.9	0.121421330556584	0.312195449567352
evm_model_NODE_11_34;OKP12041.1	8233600	7738600	9732600	2505600	23210000	6198400	AA7;FAD linked oxidase, N-terminal;FAD-binding, type 2;FAD-binding, type 2-like superfamily;FAD-binding domain-containing protein; 6-hydroxy-D-nicotine oxidase, putative; FAD-binding oxidoreductase, putative	7	25.5	0.103735737275139	0.312151655761888
evm_model_NODE_18_174;OKP02475.1	13887000	8677900	8845700	12450000	14646000	11805000	Aldehyde dehydrogenase, C-terminal;Aldehyde dehydrogenase, N-terminal;Aldehyde dehydrogenase, cysteine active site;Aldehyde dehydrogenase, glutamic acid active site;Aldehyde/histidinol dehydrogenase;Aldehyde dehydrogenase, C-terminal; aldehyde dehydrogenase AldA, putative; Aldehyde dehydrogenase; Short=ALDDH	11	51.4	0.437223125493097	0.3085557406397
evm_model_NODE_19_222;OKO96398.1;CEJ53940.1	1764200	2038500	2062300	2186100	2563200	2229000	Myo-inositol-1-phosphate synthase;NAD(P)-binding domain superfamily;Myo-inositol-1-phosphate synthase	11	34.6	1.13483757858497	0.250744512667559
evm_model_NODE_3_67;OKO99885.1	15352000	21335000	18362000	23698000	17368000	22321000	Adenosine kinase;Carbohydrate kinase PfkB;Ribokinase-like;Adenosine kinase; Ribokinase-like protein; kinase, pfkB family protein	17	68.2	0.283035593645965	0.203470632724974
evm_model_NODE_54_10	825030000	886600000	939600000	1058700000	893260000	1060000000	GH10;Glycoside hydrolase family 10 domain;Glycoside hydrolase superfamily;Glycosyl hydrolases family 10, active site;Endo-1,4-beta-xylanase A; Short=Xylanase A; AltName: Full=1,4-beta-D-xylan xylanohydrolase A	6	65.3	0.682031506817016	0.184040778002055
evm_model_NODE_28_119;OKP09411.1;CEJ62085.1	6968500	3903000	5247300	5159300	6682300	5987500	Aminopeptidase N-type;ERAP1-like C-terminal domain;P-loop containing nucleoside triphosphate hydrolase;Peptidase M1, alanine aminopeptidase/leukotriene A4 hydrolase;Peptidase M1, membrane alanine aminopeptidase, N-terminal;Small GTP-binding protein domain;Small GTPase superfamily;aminopeptidase; Peptidase M1, alanine aminopeptidase/leukotriene A4 hydrolase; glutamyl aminopeptidase	25	28.8	0.149111942429317	0.145489535389513
OKP03817.1;evm_model_NODE_41_39;CEJ54704.1;EPS27429.1	2655800	3807800	3406700	3174000	3682200	3715700	Coproporphyrinogen III oxidase, aerobic;Oxygen-dependent coproporphyrinogen III oxidase superfamily;Coproporphyrinogen III oxidase, aerobic	9	22.8	0.465076171880293	0.099068843608976
evm_model_NODE_3_32;OKO99926.1;CEJ60544.1	11950000	10940000	10672000	11326000	9835400	13683000	Aminotransferase class-III;Pyridoxal phosphate-dependent transferase;Pyridoxal phosphate-dependent transferase domain 1;Pyridoxal phosphate-dependent transferase, major domain;4-aminobutyrate transaminase; 4-aminobutyrate aminotransferase; GATA_EMENI 4-AMINOBUTYRATE AMINOTRANSFERASE (GAMMA-AMINO-N-BUTYRATE TRANSAMINASE) (GABA TRANSAMINASE) (GABA AMINOTRANSFERASE) (GABA-AT)	26	76.7	0.111597605983077	0.054098122450349
evm_model_NODE_4_136	1242400	1014000	637540	1235700	803770	912650	GH13_1;Alpha amylase;Alpha-amylase, domain of unknown function DUF1966, C-terminal;Glycoside hydrolase superfamily;Glycosyl hydrolase, all-beta;Glycosyl hydrolase, family 13, catalytic domain;putative alpha-amylase; glycoside hydrolase superfamily	6	16.8	0.044310398968842	0.028716355533869
evm_model_NODE_10_326;OKO92736.1;CEO60045.1;EPS33667.1	515170	1147200	595920	768870	673040	786520	Calreticulin/calnexin;Calreticulin/calnexin, P domain superfamily;Calreticulin/calnexin, conserved site;Concanavalin A-like lectin/glucanase domain superfamily;calnexin; Calreticulin-domain-containing protein; putative calcium-binding protein precursor cnx1	7	16	0.013325095326799	-0.019203119405285
evm_model_NODE_37_23	3417800	3980800	3386400	3967600	4148600	2521400	sem anotacao InterPro;extracellular serine-rich protein	4	25.6	0.037128776581194	-0.019853482300316
evm_model_NODE_56_10;OKO99570.1;CEJ56535.1;EPS29720.1	1986500	1820800	2017000	1001800	1467900	3066100	CRAL-TRIO lipid binding domain;CRAL-TRIO lipid binding domain superfamily;CRAL/TRIO, N-terminal domain;Sec14 cytosolic factor; putative phosphatidylinositol transporter	8	26	0.051798291752017	-0.073292846723511
evm_model_NODE_20_109;OKO98709.1	0	812520	535450	807730	0	466510	AA7;Berberine/berberine-like;FAD linked oxidase, N-terminal;FAD-binding, type 2;FAD-binding, type 2-like superfamily;FAD/FMN-containing isoamyl alcohol oxidase MreA-like protein	7	14.9	0.016413263689814	-0.081151357422397
OKP03370.1;evm_model_NODE_51_13;CEJ61359.1	0	491030	707580	496390	0	617030	NAD(P)-binding domain superfamily;Short-chain dehydrogenase/reductase SDR;short-chain dehydrogenase/reductase family protein	3	16.5	0.031450502924347	-0.106364412262822
evm_model_NODE_37_80;OKO97223.1;CEJ57023.1;EPS26761.1	3663000	3241900	2995100	4976500	0	4209800	FAD/NAD(P)-binding domain;FAD/NAD(P)-binding domain superfamily;FAD/NAD-linked reductase, dimerisation domain superfamily;Pyridine nucleotide-disulphide oxidoreductase, class I;Pyridine nucleotide-disulphide oxidoreductase, class I, active site;Pyridine nucleotide-disulphide oxidoreductase, dimerisation domain;Dihydrolipoamide dehydrogenase; Dihydrolipoyl dehydrogenase; dihydrolipoyl dehydrogenase, mitochondrial precursor	15	42.3	0.051236077272606	-0.107944626300818
evm_model_NODE_23_32;OKP01444.1	0	704630	0	0	0	636580	Metal-dependent protein hydrolase;Metal-dependent protein hydrolase; UPF0160 domain protein MYG1, putative	6	28.1	0.018350792672695	-0.146524068402579
evm_model_NODE_51_42;OKO89510.1	120100000	135030000	150560000	125550000	110890000	128080000	PA domain;Peptidase M28;probable leucine aminopeptidase 2; AltName: Full=Aminopeptidase II; AltName: Full=Leucyl aminopeptidase 2; Short=LAP2; Zn-dependent exopeptidase	16	38.7	0.539028466202632	-0.154379768866704
evm_model_NODE_2_210;CEO59133.1	559980000	682850000	748210000	588950000	581380000	612610000	sem anotacao InterPro;hypothetical protein	4	80.6	0.521795153224624	-0.159264051298395
evm_model_NODE_46_13	27164000	11743000	18702000	19593000	13688000	18220000	Cerato-platanin;RlpA-like domain superfamily;Cerato-platanin; allergenic cerato-platanin Asp F13	5	60.8	0.259858608035907	-0.161693769638714
OKP13204.1;evm_model_NODE_9_265;EPS33820.1;CEO60526.1;KZN85062.1	1033000	852550	864470	0	953770	1393400	Nucleophile aminohydrolases, N-terminal;Proteasome alpha-subunit, N-terminal domain;Proteasome alpha-type subunit;Proteasome beta-type subunit, conserved site;Proteasome subunit alpha4;Proteasome, subunit alpha/beta;Proteasome A-type subunit; Proteasome subunit alpha type; N-terminal nucleophile aminohydrolase	6	36.1	0.096721864643154	-0.228519774274407
OKO97554.1;evm_model_NODE_17_185;EPS27022.1;CEJ57359.1;KZN87004.1	407700	0	0	0	346630	0	ATP-dependent RNA helicase DEAD-box, conserved site;DEAD/DEAH box helicase domain;Eukaryotic initiation factor 4A;Helicase superfamily 1/2, ATP-binding domain;Helicase, C-terminal;P-loop containing nucleoside triphosphate hydrolase;RNA helicase, DEAD-box type, Q motif;ATP-dependent RNA helicase eIF4A; AltName: Full=Eukaryotic initiation factor 4A; Short=eIF-4A	3	8.8	0.029600763730692	-0.234111435108974
evm_model_NODE_9_218;OKO98192.1	2178000	1439600	1874900	1501700	1633900	1523100	Methylthioadenosine phosphorylase  (MTAP);Nucleoside phosphorylase domain;Nucleoside phosphorylase superfamily;5'-methylthioadenosine phosphorylase (Meu1), putative	9	38.2	0.411074448591312	-0.237535534491398
evm_model_NODE_4_137;OKP11748.1	2834200	4511800	2037600	3584700	1773400	2555700	GH31;Galactose mutarotase, N-terminal barrel;Galactose mutarotase-like domain superfamily;Glycoside hydrolase family 31;Glycoside hydrolase superfamily;Glycosyl hydrolase, all-beta;Glycosyl hydrolases family 31, active site;Glycosyl hydrolases family 31, conserved site;Alpha-glucosidase; Glycoside hydrolase, family 31	11	19.6	0.151201307002554	-0.245770910567163
evm_model_NODE_16_264;OKP14428.1	7402400	6811000	6262900	5987000	5493000	5727100	GH43_14;Concanavalin A-like lectin/glucanase domain superfamily;Glycosyl hydrolase, five-bladed beta-propellor domain superfamily;Xylosidase : arabinofuranosidase; glycoside hydrolase family 43 protein	9	29.2	1.22549730084517	-0.250951075504816
evm_model_NODE_21_21;OKO95955.1	89343000	65642000	65386000	51970000	60224000	69577000	GH0;Leucine rich repeat 5;Leucine-rich repeat domain superfamily;Protein ecm33; GPI-anchored cell wall organization protein Ecm33	10	30.3	0.383561577848118	-0.277812334821591
EPS29478.1;OKP10914.1;evm_model_NODE_26_130	532400	464900	0	819710	0	0	DNA/RNA non-specific endonuclease;DNA/RNA non-specific endonuclease, active site;Extracellular Endonuclease, subunit A;Mitochondrial inner membrane nuclease Nuc1, putative; Extracellular Endonuclease, subunit A	3	12	0.090235319949558	-0.282913952098342
OKO98325.1;evm_model_NODE_9_102;EPS33961.1	3717100	3272300	3668200	2503500	2735300	3399700	Glyoxalase I;Glyoxalase I, conserved site;Glyoxalase/Bleomycin resistance protein/Dihydroxybiphenyl dioxygenase;Glyoxalase/fosfomycin resistance/dioxygenase domain;Vicinal oxygen chelate (VOC) domain;Lactoylglutathione lyase; Glyoxalase I; lactoylglutathione lyase (Glo1), putative	8	29.4	0.856854611522572	-0.303029864269805
evm_model_NODE_10_27;OKP13021.1;CEO60349.1;KZN85377.1	0	0	1573200	1265900	0	0	EF-G domain III/V-like;Elongation factor EFG, domain V-like;P-loop containing nucleoside triphosphate hydrolase;Ribosomal protein S5 domain 2-type fold;Ribosomal protein S5 domain 2-type fold, subgroup;Small GTP-binding protein domain;Tr-type G domain, conserved site;Transcription factor, GTP-binding domain;Translation elongation factor EFG/EF2, domain IV;Translation elongation factor EFTu-like, domain 2;Translation protein, beta-barrel domain superfamily;Translation elongation factor EF-2 subunit, putative; P-loop containing nucleoside triphosphate hydrolase protein	5	6.8	0.03994002296258	-0.31353864808237
evm_model_NODE_7_71;OKP13864.1;EPS30096.1;CEJ56107.1	6122300	9440700	7521500	5542900	7675000	5265200	sem anotacao InterPro;UDP-galactopyranose mutase, partial	19	42.1	1.04023480594752	-0.320717737603447
OKP13950.1;evm_model_NODE_18_215;CEJ57942.1	239520000	154420000	183110000	107980000	132560000	212940000	Metallopeptidase, catalytic domain superfamily;Peptidase M35, deuterolysin;neutral protease II; Penicillolysin; AltName: Full=Deuterolysin	2	6.8	0.320686148736568	-0.347657405924016
evm_model_NODE_16_181;OKP12639.1;CEJ58852.1	48827000	59495000	51491000	46720000	38361000	39874000	Amidase signature (AS) superfamily;Amidase signature domain;Amidase; amidase signature enzyme; glutamyl-tRNA(Gln) amidotransferase subunit A	20	38.9	0.772985421787895	-0.354976138007811
evm_model_NODE_4_180;OKP11695.1;CEJ60770.1;EPS28974.1;KZN91239.1	10713000	15079000	16202000	11551000	10272000	10623000	Aminotransferase, class I/classII;Aminotransferases, class-I, pyridoxal-phosphate-binding site;Aspartate/other aminotransferase;Pyridoxal phosphate-dependent transferase;Pyridoxal phosphate-dependent transferase domain 1;Pyridoxal phosphate-dependent transferase, major domain;aspartate aminotransferase; aspartate aminotransferase, mitochondrial precursor; Aspartate transaminase	18	50.6	0.591339873762972	-0.372142582674679
evm_model_NODE_23_87	1792700	1732200	1612200	1398000	1172700	1320900	AA9;Glycoside hydrolase, family 61;fungal cellulose binding domain protein; glycoside hydrolase family 61 protein, partial; endoglucanase	6	30.6	1.47352224547074	-0.400590728172579
evm_model_NODE_37_12	1520800	731070	615880	776870	646700	715740	Carbonic anhydrase;Carbonic anhydrase superfamily;carbonic anhydrase family protein, partial; carbonic anhydrase Nce103	10	65.2	0.353397323983474	-0.422773707031442
evm_model_NODE_1_255;OKP00444.1;CEJ55537.1	1699300	1569000	1531100	0	1721600	1794800	Aldehyde dehydrogenase domain;Aldehyde dehydrogenase, C-terminal;Aldehyde dehydrogenase, N-terminal;Aldehyde dehydrogenase, glutamic acid active site;Aldehyde/histidinol dehydrogenase;Aldehyde dehydrogenase, N-terminal; Aldehyde dehydrogenase (NAD(+)); aldehyde dehydrogenase ALDH	9	25.1	0.243415127284364	-0.448754867407135
evm_model_NODE_30_147;OKO97313.1	21167000	39101000	15961000	19066000	21939000	13977000	sem anotacao InterPro;hypothetical protein	4	56.1	0.529961076023581	-0.471380563815412
OKP13411.1;evm_model_NODE_17_105;EPS27079.1;CEJ57411.1	332140	0	0	0	0	238850	Glycolipid transfer protein domain;Glycolipid transfer protein superfamily;glycolipid transfer protein domain-containing protein; HET-C protein; Pleckstriny domain-containing family A member 8	2	10.9	0.061308161777696	-0.475686601907949
evm_model_NODE_59_23;OKO89519.1;CEJ54926.1;EPS27207.1;KZN87432.1	4607800	9113400	5209400	7639300	1919400	4002600	L-lactate/malate dehydrogenase;Lactate dehydrogenase/glycoside hydrolase, family 4, C-terminal;Lactate/malate dehydrogenase, C-terminal;Lactate/malate dehydrogenase, N-terminal;Malate dehydrogenase, active site;NAD(P)-binding domain superfamily;Malate dehydrogenase, type 1; malate dehydrogenase, mitochondrial precursor; malate dehydrogenase, NAD-dependent	16	62.1	0.216405336264954	-0.481224654260393
evm_model_NODE_1_325;OKP15223.1;CEJ55612.1	5925700	6480500	6009300	4142600	3958100	4920500	Aminopeptidase N-type;ERAP1-like C-terminal domain;Peptidase M1, alanine aminopeptidase/leukotriene A4 hydrolase;Peptidase M1, membrane alanine aminopeptidase, N-terminal;Protein of unknown function DUF2808;aminopeptidase 2; lysine aminopeptidase ApsA; alanine/arginine aminopeptidase	24	33	1.30875817322108	-0.500058158780703
OKO95991.1;evm_model_NODE_44_73;CEJ61997.1;EPS31162.1;KZN90869.1	0	693650	0	0	489020	0	Glutamate dehydrogenase;Glutamate/phenylalanine/leucine/valine dehydrogenase;Glutamate/phenylalanine/leucine/valine dehydrogenase, C-terminal;Leu/Phe/Val dehydrogenases active site;NAD(P) binding domain of glutamate dehydrogenase;NAD(P)-binding domain superfamily;NADP-specific glutamate dehydrogenase; Short=NADP-GDH	9	24.2	0.37401940329452	-0.504314425415893
evm_model_NODE_2_422;OKO93378.1	14967000	21122000	13786000	15752000	8389600	10814000	GH10;Glycoside hydrolase family 10 domain;Glycoside hydrolase superfamily;endo-1,4-beta-xylanase, putative; glycosyl hydrolase family 10 protein	10	43.6	0.465499061172174	-0.512793242814498
evm_model_NODE_2_119	70071000	71755000	58847000	60184000	35271000	43771000	GH47;Glycoside hydrolase family 47;Seven-hairpin glycosidases;Six-hairpin glycosidase-like superfamily;Mannosyl-oligosaccharide alpha-1,2-mannosidase; AltName: Full=Man(9)-alpha-mannosidase	8	48.8	0.891956866600194	-0.527417864184524
evm_model_NODE_8_117;OKP07343.1	23020000	17586000	20229000	13553000	15345000	12998000	GH43_30;Glycoside hydrolase, family 43;Glycosyl hydrolase, five-bladed beta-propellor domain superfamily;Glycoside hydrolase, family 43; Endo-arabinase, putative	15	67	1.00904481545995	-0.53808907360905
evm_model_NODE_1_571;OKO90908.1	1601900	1780900	1544000	1448200	1015700	900990	Cyclophilin-like domain superfamily;Cyclophilin-type peptidyl-prolyl cis-trans isomerase;Cyclophilin-type peptidyl-prolyl cis-trans isomerase domain;Cyclophilin-type peptidyl-prolyl cis-trans isomerase, conserved site;cyclophilin-like peptidyl prolyl cis-trans isomerase cypA	5	39.1	0.965537851940762	-0.550091564485647
evm_model_NODE_63_35;OKP13427.1	3041700	2625500	3239500	1799300	1495000	2762300	Tyrosinase copper-binding domain;Uncharacterised domain, di-copper centre;tyrosinase central domain protein; putative domain, di-copper centre	5	20.8	1.23898170977391	-0.556382867592446
evm_model_NODE_44_59	741930	0	0	0	0	495120	AA7;Berberine/berberine-like;FAD linked oxidase, N-terminal;FAD-binding, type 2;FAD-binding, type 2-like superfamily;FAD linked oxidase, N-terminal; glucooligosaccharide oxidase; 6-hydroxy-D-nicotine oxidase	5	28.7	0.075593911595322	-0.583504850061772
evm_model_NODE_24_203;OKO95540.1;EPS28790.1;CEJ59291.1	1292900	2410400	2022100	1221900	747490	1848100	Phosphoglucose isomerase (PGI);Phosphoglucose isomerase, C-terminal;Phosphoglucose isomerase, SIS domain 2;Phosphoglucose isomerase, conserved site;glucose-6-phosphate isomerase; phosphoglucose isomerase	9	34	0.466256578878937	-0.584752111486557
evm_model_NODE_16_183	1928700	1975700	2155700	1356000	2068400	562780	NmrA-like domain;nmrA-like family protein	10	40.4	0.531594786942512	-0.603972863526687
OKO90305.1;evm_model_NODE_6_98;KZN86181.1	0	0	745910	0	0	485110	Alpha/Beta hydrolase fold;Peptidase S10, serine carboxypeptidase;Propeptide, carboxypeptidase Y;Serine carboxypeptidase, serine active site;Carboxypeptidase Y homolog A; carboxypeptidase CpyA/Prc1, putative	2	4	0.37401940329452	-0.620689648916326
evm_model_NODE_6_4;OKP12897.1;CEJ57927.1	7874500	9284500	9375300	7190700	4142900	5918200	GH11;Concanavalin A-like lectin/glucanase domain superfamily;Glycoside hydrolase family 11;Glycoside hydrolase family 11, active site 1;Glycoside hydrolase family 11, active site 2;Glycosyl hydrolases family 11 (GH11) domain;Endo-1,4-beta-xylanase B; Short=Xylanase B; AltName: Full=1,4-beta-D-xylan xylanohydrolase B	3	31.2	0.853144459286611	-0.621111593459859
OKO94581.1;evm_model_NODE_2_577	1040600	1412900	1181300	704900	1622800	0	sem anotacao InterPro;hypothetical protein	5	51.2	0.40419422249539	-0.642970852010319
CEJ56779.1	0	24916000	30869000	11077000	9520800	14720000		2	3.8	0.279327877034469	-0.659481770575458
evm_model_NODE_3_143;OKO99814.1	151430000	112300000	133180000	83116000	75103000	85715000	GH15;Carbohydrate binding module family 20;Carbohydrate-binding-like fold;GH15-like domain;Glucoamylase;Glucoamylase, CBM20 domain;Glucoamylase, starch-binding;Immunoglobulin-like fold;Six-hairpin glycosidase superfamily;Six-hairpin glycosidase-like superfamily;glucoamylase precursor; glucan 1,4-alpha-glucosidase, putative	13	41.4	1.51216451960468	-0.702321053143773
evm_model_NODE_20_196;OKO97616.1	10010000	9121300	10399000	7794400	4712800	5590000	GH72;Glucanosyltransferase;Glycoside hydrolase superfamily;Glucanosyltransferase-domain-containing protein; 1,3-beta-glucanosyltransferase Gel1; Glycoside hydrolase, superfamily	12	35.5	1.37737084776007	-0.706429512266557
evm_model_NODE_38_114;OKO97976.1	101570000	129240000	102280000	74981000	54734000	70145000	AA7;Berberine/berberine-like;FAD linked oxidase, N-terminal;FAD-binding, type 2;FAD-binding, type 2-like superfamily;FAD-dependent oxygenase; FAD-linked oxidoreductase chyH; AltName: Full=Chrysogine biosynthesis cluster protein H	17	42	1.00372549699821	-0.736922282347025
evm_model_NODE_1_10;OKO98909.1	5463300	10855000	7243200	7132600	3527800	3467500	Ubiquitin 3 binding protein But2, C-terminal;GPI anchored cell wall protein, putative	7	41	0.452977220237499	-0.737884352183728
evm_model_NODE_24_89	5440000	8159800	6158800	4409800	3865600	3476900	Cobalamin-independent methionine synthase;Cobalamin-independent methionine synthase MetE, C-terminal/archaeal;Cobalamin-independent methionine synthase MetE, N-terminal;UROD/MetE-like superfamily;homocysteine methyltransferase Met26; 5-methyltetrahydropteroyltriglutamate--homocysteine S-methyltransferase; cobalamin-independent methionine synthase	7	44.8	0.977457221227738	-0.749537599030656
evm_model_NODE_13_264;OKO94290.1;EPS26043.1	3672400	2903900	3164200	1927000	1518000	2130400	Thiolase;Thiolase, C-terminal;Thiolase, N-terminal;Thiolase, acyl-enzyme intermediate active site;Thiolase, conserved site;Thiolase-like;Acetyl-CoA acetyltransferase, putative; Thiolase-like, subgroup	3	43	1.6736853614578	-0.804920517655618
evm_model_NODE_16_20;OKP12172.1;CEJ58998.1	4835500	7719200	6173500	2821300	2218900	5564500	Adenosylhomocysteinase;Adenosylhomocysteinase-like;NAD(P)-binding domain superfamily;S-adenosyl-L-homocysteine hydrolase, NAD binding domain;S-adenosyl-L-homocysteine hydrolase, conserved site;Adenosylhomocysteinase; S-adenosyl-L-homocysteine hydrolase	6	38.4	0.691239266449393	-0.820508437754439
evm_model_NODE_2_573;OKO94584.1;CEO58784.1	70480000	82969000	89162000	41666000	45729000	42934000	GH17;Glycoside hydrolase family 17;Glycoside hydrolase superfamily;1,3-beta-glucanosyltransferase Bgt1; Glycoside hydrolase, superfamily; glucan 1,3-beta-glucosidase, partial	17	67.7	1.75517719135324	-0.89648682466589
evm_model_NODE_28_97;OKP11876.1;CEJ62111.1;EPS34185.1;KZN84826.1	31002000	27343000	39111000	15249000	20021000	15204000	HSP90, C-terminal domain;Heat shock protein Hsp90 family;Heat shock protein Hsp90, N-terminal;Heat shock protein Hsp90, conserved site;Histidine kinase/HSP90-like ATPase;Histidine kinase/HSP90-like ATPase superfamily;Ribosomal protein S5 domain 2-type fold;heat shock protein; molecular chaperone Mod-E/Hsp90	28	40.3	1.08555014993439	-0.949210586628934
evm_model_NODE_2_65	0	683990	0	0	349830	0	Protein of unknown function DUF2990;Protein of unknown function DUF3455;malate dehydrogenase; putative fungal protein	4	18.3	0.37401940329452	-0.967321218692168
OKP00898.1;evm_model_NODE_3_308	0	939850	678290	0	0	825000	Creatinase, N-terminal;Creatinase/Aminopeptidase P/Spt16, N-terminal;Creatinase/aminopeptidase-like;Peptidase M24;Peptidase M24, C-terminal domain;Peptidase M24B, X-Pro dipeptidase/aminopeptidase P, conserved site;Probable Xaa-Pro aminopeptidase P; Short=AMPP; Short=Aminopeptidase P; AltName: Full=Aminoacylproline aminopeptidase	2	19.5	0.285164518037724	-0.97187040935862
evm_model_NODE_2_565;OKO94594.1;EPS25689.1;CEO58791.1	1491300	2104900	2250000	886020	1294600	736590	Elongation factor 1 beta central acidic region, eukaryote;Glutathione S-transferase, C-terminal;Translation elongation factor EF1B, beta/delta chains, conserved site;Translation elongation factor EF1B, beta/delta subunit, guanine nucleotide exchange domain;Translation elongation factor EF1B/ribosomal protein S6;Translation elongation factor eEF-1beta-like superfamily;elongation factor 1-beta; translation elongation factor 1 subunit beta	4	32	1.14883650452231	-1.00290994028458
evm_model_NODE_25_99;OKP12516.1;CEJ54078.1	5725200	5479100	8088500	2230200	5122900	2236800	Aldo/keto reductase;Aldo/keto reductase, conserved site;NADP-dependent oxidoreductase domain;NADP-dependent oxidoreductase domain superfamily;Aldo/keto reductase; D-xylose reductase; Probable NAD(P)H-dependent D-xylose reductase xyl1; NADPH-dependent D-xylose reductase II,III	10	50.5	0.746587848646679	-1.00847486306726
evm_model_NODE_6_18	0	16310000	0	8106500	0	0	sem anotacao InterPro;Cell wall protein PhiA; Cell wall protein phiA; AltName: Full=Major allergen phiA; AltName: Full=Phialide development protein A; AltName: Allergen=Asp f 34	4	26.9	0.130793541272827	-1.00860571496543
OKP14639.1;evm_model_NODE_1_698;CEJ56017.1;EPS30013.1;KZN91719.1	1438200	2027500	1706200	892090	714210	897840	Pyridoxal phosphate-dependent transferase;Pyridoxal phosphate-dependent transferase domain 1;Serine hydroxymethyltransferase;Serine hydroxymethyltransferase, pyridoxal phosphate binding site;Serine hydroxymethyltransferase; cytosolic serine hydroxymethyltransferase; glycine hydroxymethyltransferase	7	13.2	1.23267145258654	-1.04637915866383
evm_model_NODE_14_37	13814000	11006000	15580000	3777600	7863400	7278200		6	45.7	1.12847481089234	-1.09450420749396
evm_model_NODE_44_29	6661300	7491200	8323700	3731300	2812200	3724000	PL1_7;Pectate lyase;Pectin lyase fold;Pectin lyase fold/virulence factor;pectate lyase A; polysaccharide lyase family 1 protein; pectin lyase-like protein	7	48.5	1.71954261878868	-1.13031319569008
evm_model_NODE_3_194	2277900	1730200	2401800	0	0	2905500	Questin oxidase-like;hypA-like protein; Oxidoreductase AflY; Questin oxidase	7	23	0.517979454717706	-1.14151539506322
evm_model_NODE_6_62	12555000	10801000	11293000	4804500	0	10276000		3	15.2	0.816356228861234	-1.20012945301136
evm_model_NODE_9_117;OKO98305.1	6467700	8607800	7103300	3399000	2980900	3065900	Homogentisate 1,2-dioxygenase;RmlC-like cupin domain superfamily;RmlC-like jelly roll fold;homogentisate 1,2-dioxygenase (HmgA), putative	8	50.3	1.5300499878838	-1.23143641543382
OKP15032.1;evm_model_NODE_18_76;EPS32961.1;CEJ58042.1;KZN89582.1	0	499590	0	0	203580	0	ATP-citrate lyase/succinyl-CoA ligase;ATP-citrate lyase/succinyl-CoA ligase, active site;ATP-citrate lyase/succinyl-CoA ligase, conserved site;Citrate synthase;Citrate synthase superfamily;Citrate synthase-like, large alpha subdomain;CoA-binding;NAD(P)-binding domain superfamily;Succinyl-CoA synthetase, beta subunit, conserved site;Succinyl-CoA synthetase-like;Citrate synthase-like, core; ATP citrate lyase, subunit 1, putative	2	3.1	0.37401940329452	-1.29514876377176
evm_model_NODE_44_78;OKO95984.1	3276800	2481700	2934000	1284500	938490	1315600	Calcineurin-like phosphoesterase domain, ApaH type;Metallo-dependent phosphatase-like;Sphingomyelin phosphodiesterase;Acid sphingomyelinase, putative; Sphingomyelin phosphodiesterase	8	19.9	2.18903468944069	-1.29659654888513
evm_model_NODE_3_391;OKP09695.1	1185900	1371300	0	0	967600	0	GH17;Glycoside hydrolase family 17;Glycoside hydrolase superfamily;putative glucan endo-1,3-beta-glucosidase btgC; Probable glucan endo-1,3-beta-glucosidase btgC; AltName: Full=Endo-1,3-beta-glucanase btgC; Glycoside hydrolase, superfamily	7	16.6	0.572846345071311	-1.40208232452393
evm_model_NODE_30_131;OKO97331.1	1483900	1314000	1361400	806520	744950	0	AA7;Berberine/berberine-like;FAD-binding, type 2;FAD-binding, type 2-like superfamily;FAD linked oxidase, N-terminal; restculine oxidase precursor; FAD/FMN-containing isoamyl alcohol oxidase-like protein MreA	9	22	1.13871815449896	-1.42270494629133
evm_model_NODE_5_138;CEJ54507.1;OKO93957.1;EPS27603.1	4289100	6157600	12656000	1352500	3518400	3508800	Enolase;Enolase, C-terminal TIM barrel domain;Enolase, N-terminal;Enolase, conserved site;Enolase-like superfamily;Enolase-like, C-terminal domain superfamily;Enolase-like, N-terminal;Enolase; AltName: Full=2-phospho-D-glycerate hydro-lyase; AltName: Full=2-phosphoglycerate dehydratase; enolase/allergen Asp F 22	5	46.6	0.833257234687208	-1.46309096816145
evm_model_NODE_9_118;OKO98304.1;CEO60725.1	3271200	3122100	2286500	1038700	983480	1045600	Fumarylacetoacetase;Fumarylacetoacetase, N-terminal;Fumarylacetoacetase, N-terminal domain superfamily;Fumarylacetoacetase-like, C-terminal;Fumarylacetoacetase-like, C-terminal domain superfamily;Fumarylacetoacetase, N-terminal; Fumarylacetoacetate hydrolase FahA	11	35	1.562607603899	-1.50046677404236
evm_model_NODE_6_187;CEO59839.1;OKP11225.1;EPS33221.1	3910500	2452300	2147100	732390	947520	1193300	Aconitase A/isopropylmalate dehydratase small subunit, swivel domain;Aconitase family, 4Fe-4S cluster binding site;Aconitase, domain 2;Aconitase, iron-sulfur domain;Aconitase, mitochondrial-like;Aconitase/3-isopropylmalate dehydratase large subunit, alpha/beta/alpha domain;Aconitase/3-isopropylmalate dehydratase large subunit, alpha/beta/alpha, subdomain 1/3;Aconitase/3-isopropylmalate dehydratase, swivel;aconitate hydratase; Aconitate hydratase, mitochondrial; Short=Aconitase; AltName: Full=Citrate hydro-lyase; AltName: Full=Homocitrate dehydratase	12	19.9	0.971479286793936	-1.56647873703447
evm_model_NODE_23_223;CEJ59009.1;OKP12149.1	28987000	43076000	28566000	33884000	0	0	sem anotacao InterPro;small secreted protein	3	38.4	0.588758463461989	-1.57037003173384
evm_model_NODE_29_55;OKO96910.1	0	2355400	2120700	0	0	1483000	Glutathione S-transferase Omega/GSH;Glutathione S-transferase, C-terminal domain superfamily;Glutathione S-transferase, C-terminal-like;Glutathione S-transferase, N-terminal;Thioredoxin-like superfamily;Glutathione S-transferase/chloride channel, C-terminal; ubiquitin-activating enzyme E1	5	19.5	0.53486486148435	-1.59372366995441
evm_model_NODE_12_156;OKP10209.1	1374000	2031100	1029200	694760	0	745700	sem anotacao InterPro;DEHA2F08118p-like protein	7	28.9	0.699186549826541	-1.62217677921568
OKO92699.1;evm_model_NODE_6_377;EPS33376.1;CEO60009.1;KZN85990.1	11267000	9326500	8448400	2971400	3111200	3051600	G-protein beta WD-40 repeat;WD40 repeat;WD40 repeat, conserved site;WD40-repeat-containing domain;WD40-repeat-containing domain superfamily;WD40/YVTN repeat-like-containing domain superfamily;G-protein comlpex beta subunit CpcB; GBLP_NEUCR Guanine nucleotide-binding protein beta subunit-like protein (Cross-pathway control WD-repeat protein cpc-2)	11	40.8	1.78279338137088	-1.66878555741093
evm_model_NODE_41_31;OKP03808.1;EPS27436.1;CEJ54695.1;KZN91378.1	21850000	18342000	22889000	7375500	5422800	6811800	Heat shock protein 70 family;Heat shock protein 70, conserved site;Heat shock protein 70kD, C-terminal domain superfamily;Heat shock protein 70kD, peptide-binding domain superfamily;Heat shock protein 70 family; molecular chaperone Hsp70; Heat shock 70 kDa protein	19	36.8	2.40504850053084	-1.68560863837929
evm_model_NODE_19_176;OKO96457.1	50707000	28384000	45957000	0	11374000	26758000	GH17;Glycoside hydrolase family 17;Glycoside hydrolase superfamily;Probable glucan endo-1,3-beta-glucosidase eglC; AltName: Full=Endo-1,3-beta-glucanase eglC; AltName: Full=Laminarinase eglC; glycoside hydrolase superfamily	7	22.8	0.932077308990399	-1.71340787681257
OKP10979.1;evm_model_NODE_4_265;EPS28895.1;CEJ59190.1	5377400	9867500	12148000	0	3430600	4641500	Uricase;Uricase, conserved site;Uricase; urate oxydase UaZ; urate oxidase UaZ	8	36.5	2.04647770645814	-1.76278605542748
evm_model_NODE_48_1;OKP00058.1	308160000	240380000	311280000	70744000	81270000	96762000	GH132;SUN family;Secreted beta-glucosidase sun1; SUN domain protein (Uth1), putative	10	32.3	1.89361719633586	-1.7891873567511
evm_model_NODE_23_129;CEJ60679.1;OKP01334.1	1712500	0	0	0	0	493410	Aminotransferase class V domain;Aminotransferase class-V, pyridoxal-phosphate binding site;Pyridoxal phosphate-dependent transferase;Pyridoxal phosphate-dependent transferase domain 1;Pyridoxal phosphate-dependent transferase, major domain;Serine-pyruvate aminotransferase/2-aminoethylphosphonate-pyruvate transaminase;alanine-glyoxylate aminotransferase; Serine--pyruvate transaminase	6	25.3	0.218199124944827	-1.79524512775173
evm_model_NODE_29_140;OKP11074.1	1171100	960160	818730	0	817540	0	GH43_14;Concanavalin A-like lectin/glucanase domain superfamily;Glycoside hydrolase, family 43;Glycosyl hydrolase, five-bladed beta-propellor domain superfamily;xylosidase/arabinosidase, putative; glycoside hydrolase family 43 protein	6	19	0.845737748293598	-1.85134883939506
evm_model_NODE_21_9;OKO95969.1	22099000	20290000	20773000	6676800	4354400	6404200	RlpA-like domain superfamily;hypothetical protein ASPZODRAFT_134893; Allergen Asp f 7	5	20.8	3.03898113120797	-1.85703739173495
evm_model_NODE_16_168;OKP12654.1;CEJ58863.1	5241300	7397600	5724100	1314300	2310300	1173200	AA2;Catalase-peroxidase haem;Haem peroxidase;Haem peroxidase, plant/fungal/bacterial;Peroxidase, active site;Peroxidases heam-ligand binding site;Catalase-peroxidase heme; putative bifunctional catalase-peroxidase cat2 protein	15	26.9	2.26339150415263	-1.9363568498383
OKP11139.1;evm_model_NODE_2_191;CEO59156.1	0	841700	680580	0	372260	0	Isopropylmalate dehydrogenase;Isopropylmalate dehydrogenase-like domain;3-isopropylmalate dehydrogenase Leu2A; 3-isopropylmalate dehydrogenase A; Short=3-IPM-DH A; Short=IMDH A	5	16.3	0.705696576872165	-2.03185123534102
evm_model_NODE_46_59	5271300	2881100	3347800	1305400	1483200	0	CE5;Alpha/Beta hydrolase fold;Cutinase, monofunctional;Cutinase/acetylxylan esterase;Cutinase; carbohydrate esterase family 5 protein; alpha/beta-Hydrolase	6	38	1.19215304946099	-2.04404603882106
OKP10441.1;evm_model_NODE_2_236;CEO59109.1;EPS25542.1	805660	653360	0	0	325380	0	GH36;Alcohol dehydrogenase, C-terminal;GroES-like superfamily;NAD(P)-binding domain superfamily;Polyketide synthase, enoylreductase domain;oxidoreductase, zinc-binding dehydrogenase family, putative; NADP-dependent leukotriene B4 12-hydroxydehydrogenase	4	13.4	0.606296981341284	-2.16480217831201
KZN91296.1;EPS27533.1;CEJ54577.1;evm_model_NODE_5_56;OKO91573.1	1375600	0	1461600	0	0	616280	EF-Hand 1, calcium-binding site;EF-hand domain;EF-hand domain pair;putative calmodulin protein; EF-hand; translation elongation factor EF1B gamma; regulatory protein calmodulin	4	38.3	0.686497179000489	-2.20280997519301
evm_model_NODE_40_82	142300000	141580000	154770000	15306000	34669000	31711000	sem anotacao InterPro;hypothetical protein	3	35.8	2.57577815393052	-2.42490952450144
evm_model_NODE_9_44;CEO60901.1;OKO98383.1	999940	1601300	1154000	267710	0	397410	Heat shock protein 70 family;Heat shock protein 70, conserved site;Heat shock protein 70kD, C-terminal domain superfamily;Heat shock protein 70kD, peptide-binding domain superfamily;Hsp70 chaperone BiP/Kar2, putative; glucose-regulated protein	4	11.9	1.16073689615668	-2.4972185561419
OKO98600.1;evm_model_NODE_34_80	7483500	8055000	6150700	1302100	1049300	942490	Elongation factor 1B gamma, C-terminal;Elongation factor EF1B gamma, C-terminal domain superfamily;Glutathione S-transferase, C-terminal;Glutathione S-transferase, C-terminal domain superfamily;Glutathione S-transferase, C-terminal-like;Glutathione S-transferase, N-terminal;Thioredoxin-like superfamily;elongation factor 1 gamma domain-containing protein; eEF1-gamma domain-containing protein; translation elongation factor eEF-1 subunit gamma, putative	9	23.3	2.14867309729437	-2.71911255865106
evm_model_NODE_37_29;OKP11449.1;CEJ56965.1;KZN87063.1;EPS26710.1	2129300	1494700	2039900	0	854880	0	FAD-dependent oxidoreductase 2, FAD binding domain;FAD/NAD(P)-binding domain superfamily;Fumarate reductase/succinate dehydrogenase flavoprotein-like, C-terminal;Fumarate reductase/succinate dehydrogenase flavoprotein-like, C-terminal domain superfamily;Fumarate reductase/succinate dehydrogenase, FAD-binding site;Succinate dehydrogenase, flavoprotein subunit;Succinate dehydrogenase/fumarate reductase flavoprotein, catalytic domain superfamily;Succinate dehydrogenase/fumarate reductase, flavoprotein subunit;flavo protein subunit of succinate dehydrogenase; succinate dehydrogenase flavoprotein subunit	7	13.8	1.09783743956115	-2.72800196649934
evm_model_NODE_36_112;OKO98563.1;CEO58491.1	978320	996900	834430	0	394610	0	Nucleoside phosphorylase domain;Nucleoside phosphorylase superfamily;Purine nucleoside phosphorylase;Purine phosphorylase, family 2, conserved site;PNP/MTAP phosphorylase; Purine nucleoside phosphorylase I, inosine and guanosine-specific	5	20.8	1.74430361707991	-2.83189100248276
OKP12621.1;evm_model_NODE_16_200;KZN88706.1;EPS32319.1;CEJ58834.1	752600	879320	1057300	374590	0	0	AAA+ ATPase domain;ATP synthase, F1 complex, beta subunit;ATPase, F1/V1 complex, beta/alpha subunit, C-terminal;ATPase, F1/V1/A1 complex, alpha/beta subunit, N-terminal domain;ATPase, F1/V1/A1 complex, alpha/beta subunit, N-terminal domain superfamily;ATPase, F1/V1/A1 complex, alpha/beta subunit, nucleotide-binding domain;ATPase, alpha/beta subunit, nucleotide-binding domain, active site;P-loop containing nucleoside triphosphate hydrolase;ATPase, F1 complex beta subunit/V1 complex, C-terminal; ATP synthase subunit beta	6	16.9	1.20078111778567	-2.84380349295903
evm_model_NODE_18_43;OKP15004.1	3174200	7082800	4296800	989030	0	948390	GH62;Glycoside hydrolase, family 62, arabinosidase;Glycosyl hydrolase, five-bladed beta-propellor domain superfamily;Probable alpha-L-arabinofuranosidase axhA; AltName: Full=Arabinoxylan arabinofuranohydrolase axhA	7	40.6	0.981176786891639	-2.90918724534745
evm_model_NODE_11_3;EPS32670.1;OKP12073.1	0	10887000	9038700	0	2548200	0	CS domain;HSP20-like chaperone;Hsp90 binding co-chaperone (Sba1), putative; HSP20-like chaperone	3	18	0.734793223023633	-2.96707998808661
evm_model_NODE_1_585	754810	842930	387040	0	117290	0	Allergen Asp f 4;allergen Asp f 4	3	16.2	1.46697727900897	-4.08082718150328
evm_model_NODE_2_162;OKO92069.1;CEO59184.1	1250300	1336300	1147800	0	218170	0	FAD/NAD(P)-binding domain;FAD/NAD(P)-binding domain superfamily;FAD/NAD-linked reductase, dimerisation domain superfamily;Glutathione reductase, eukaryote/bacterial;Pyridine nucleotide-disulphide oxidoreductase, class I;Pyridine nucleotide-disulphide oxidoreductase, class I, active site;Pyridine nucleotide-disulphide oxidoreductase, dimerisation domain;glutathione oxidoreductase Glr1, putative; pyridine nucleotide-disulfide oxidoreductase	5	12.9	2.93371579894132	-4.09735182705931
evm_model_NODE_21_98;OKO95864.1	5442300	7535100	21106000	0	625530	900740	Disulphide isomerase;Protein disulphide isomerase;Thioredoxin domain;Thioredoxin, conserved site;Thioredoxin-like superfamily;Protein disulfide isomerase; putative protein disulfide isomerase Pdi1; protein disulfide isomerase A pdiA	17	46.6	0.832631375568619	-4.48098715393169
